{"0": [0.4046190726902864, 0.6695551587101783, 0.2447900495035748], "1": [0.06823932703007075, 0.9867597014514032, 0.2654531252084782], "2": [-0.8629184838800671, 0.7611714003749621, 1.160675394638736], "3": [-1.002070718777633, 1.920460764754755, 1.9962293274326623], "4": [0.8212960765650393, 0.372236174191579, 0.2416228796667005], "5": [1.705121641011009, 0.399133222111588, 1.175334424918069], "6": [2.311744293952299, 2.3133221327186333, 1.9980837830704092], "7": [-0.029058346892275884, 0.017533965907527, -0.3201054697152742], "8": [-0.3696497277485455, -0.7222375575613608, -0.9090192556725059], "9": [-0.44698700255573104, -0.8244968917356541, -1.1736590898938992], "10": [-0.45839672633259515, -0.23810531750317393, -1.5797617705207454], "11": [0.21266825011563417, -1.1122545007361422, -0.776797427245426], "12": [1.0328452994979296, -1.30797808230111, -0.21715129303289768], "13": [0.6783247475099632, -0.6998153434007475, 0.2614380815737372], "14": [-0.860827210225669, -0.31549560551957456, -0.7341650620431586], "15": [-1.29383844447031, -0.5466202643678908, -0.22499691593206408], "16": [-1.5864189584526875, -1.1255160655637422, -0.6607181936078766]}