{"0": [47.09455689787865, 32.000038146972656, 62.649927735328674], "1": [40.25341411679983, 33.73782730102539, 63.3277353644371], "2": [21.31595988571644, 32.501953125, 92.69410997629166], "3": [18.48594856262207, 38.85306930541992, 120.10314255952835], "4": [55.56874254345894, 30.371191024780273, 62.546029686927795], "5": [73.54358710348606, 30.51854705810547, 93.1749764084816], "6": [85.88079425692558, 41.00533676147461, 120.16396701335907], "7": [38.27462164312601, 28.4279727935791, 44.1194187104702], "8": [31.347833432257175, 24.375167846679688, 24.801026210188866], "9": [29.774983435869217, 23.814952850341797, 16.11993469297886], "10": [29.542934753000736, 27.027463912963867, 2.7983704581856728], "11": [43.190752133727074, 22.238489151000977, 29.13835734128952], "12": [59.87113945186138, 21.16622543334961, 47.49666854739189], "13": [52.661051362752914, 24.498008728027344, 63.19603219628334], "14": [21.358491249382496, 26.60348892211914, 30.53684301674366], "15": [12.552104566246271, 25.337282180786133, 47.23930522799492], "16": [6.601739328354597, 22.165830612182617, 32.94615402817726]}