{"0": [41.210283279418945, 32.00007629394531, 43.50422188639641], "1": [36.15911263227463, 32.58308029174805, 44.049306422472], "2": [33.62255835533142, 33.115745544433594, 66.85380451381207], "3": [34.05030965805054, 39.3204460144043, 86.3986175507307], "4": [46.21832346916199, 31.131725311279297, 43.53334955871105], "5": [44.85738146305084, 31.769287109375, 66.54153847694397], "6": [44.2468444108963, 39.14109420776367, 87.66774936020374], "7": [39.779624819755554, 29.575145721435547, 26.841854318976402], "8": [39.07238453626633, 27.587236404418945, 11.648621331900358], "9": [39.43959581851959, 25.94970703125, 6.371131993830204], "10": [39.81345176696777, 28.540851593017578, 1.7444816548377275], "11": [48.194724321365356, 27.92812728881836, 15.145567942410707], "12": [61.723225593566895, 26.856731414794922, 18.422522373497486], "13": [74.52121436595917, 25.06549835205078, 16.128468926995993], "14": [30.068671226501465, 28.15877914428711, 15.012074805796146], "15": [15.799527943134308, 27.0711669921875, 15.213373105973005]}